Model,RMSE,MAE,R²,MAPE,Best Model
LSTM,4.177755331885704,2.1090524269528887,0.9059684076918564,3458.7730188694723,True
GRU,4.483531230081672,2.2641731585941653,0.8917000678656906,5697.839472882002,False
BiLSTM,4.131512678653794,2.015265158414048,0.9080385170924413,6093.029087793493,False
